{"status": "OK", "calinski": 82.54451719070455, "siluetas": 0.11302242679714879, "indexArrayID": ["Group ID 1", "Group ID 2", "Group ID 3", "Group ID 4", "Group ID 5", "Group ID 6", "Group ID 7", "Group ID 8", "Group ID 9", "Group ID 10", "Group ID 11"], "features": ["G0", "G30", "G60", "G90", "G120"], "groups": 11, "fileInput": "glucose.csv", "indexGroupArray": ["Group ID 1", "Group ID 2", "Group ID 3", "Group ID 4", "Group ID 5", "Group ID 6", "Group ID 7", "Group ID 8", "Group ID 9", "Group ID 10", "Group ID 11"], "AVG_Curves": [[4.502272727272727, 6.947727272727274, 7.4136363636363605, 7.061363636363635, 6.211363636363635], [4.1878787878787875, 6.666666666666667, 6.281818181818181, 5.793939393939394, 5.072727272727273], [4.55, 6.1375, 6.16875, 5.35, 5.5218750000000005], [5.082222222222222, 6.495555555555556, 6.628888888888887, 5.968888888888889, 5.953333333333333], [5.097058823529412, 8.073529411764705, 6.188235294117646, 5.611764705882353, 6.1499999999999995], [4.370370370370371, 5.514814814814815, 4.811111111111111, 4.638888888888888, 4.533333333333333], [4.7314285714285695, 5.957142857142857, 4.262857142857143, 3.9371428571428573, 3.7314285714285713], [4.951785714285713, 7.846428571428571, 7.948214285714286, 7.201785714285714, 6.507142857142857], [4.935714285714285, 7.8357142857142845, 6.961904761904763, 5.988095238095237, 5.188095238095238], [4.9025, 6.05, 5.4325, 5.345000000000001, 5.442500000000001], [4.902127659574468, 7.0765957446808505, 5.553191489361702, 4.578723404255319, 4.723404255319149]], "numberElementGroupArray": [44, 33, 32, 45, 34, 54, 35, 56, 42, 40, 47]}